<!DOCTYPE html><html class="page-404"><head>
<title>404 | Damian Watracz - Freelance Web & UI Designer</title>
<meta charset="UTF-8">
<meta name="viewport" content="height=device-height, width=device-width, initial-scale=1, minimum-scale=1, maximum-scale=1, viewport-fit=cover, shrink-to-fit=no">
<base href="/">
<meta name="author" content="Damian Watracz">
<meta name="keywords" content="freelance, freelancer, responsive, rwd, web, website, ui, ux, user, interface, experience, graphic, creative, designer, director, direction, product, mobile, application, app, animation, interaction, photography, art, hire, agency, studio, consultancy, portfolio, case, study, studies, projects, krakow, kraków, poland">
<meta name="description" content="OOPS Something went wrong... The page you are looking for doesn't seem to exist or has been moved to a new location.">
<link rel="apple-touch-icon" sizes="57x57" href="assets/favicon/apple-touch-icon-57x57.png">
<link rel="apple-touch-icon" sizes="60x60" href="assets/favicon/apple-touch-icon-60x60.png">
<link rel="apple-touch-icon" sizes="72x72" href="assets/favicon/apple-touch-icon-72x72.png">
<link rel="apple-touch-icon" sizes="76x76" href="assets/favicon/apple-touch-icon-76x76.png">
<link rel="apple-touch-icon" sizes="114x114" href="assets/favicon/apple-touch-icon-114x114.png">
<link rel="apple-touch-icon" sizes="120x120" href="assets/favicon/apple-touch-icon-120x120.png">
<link rel="apple-touch-icon" sizes="144x144" href="assets/favicon/apple-touch-icon-144x144.png">
<link rel="apple-touch-icon" sizes="152x152" href="assets/favicon/apple-touch-icon-152x152.png">
<link rel="apple-touch-icon" sizes="180x180" href="assets/favicon/apple-touch-icon-180x180.png">
<link rel="icon" type="image/png" sizes="32x32" href="assets/favicon/favicon-32x32.png">
<link rel="icon" type="image/png" sizes="192x192" href="assets/favicon/android-chrome-192x192.png">
<link rel="icon" type="image/png" sizes="16x16" href="assets/favicon/favicon-16x16.png">
<link rel="manifest" href="site.webmanifest">
<link rel="mask-icon" href="assets/favicon/safari-pinned-tab.svg" color="#212733">
<link rel="shortcut icon" href="assets/favicon/favicon.ico">
<meta name="msapplication-TileColor" content="#ffffff">
<meta name="msapplication-TileImage" content="assets/favicon/mstile-144x144.png">
<meta name="msapplication-config" content="browserconfig.xml">
<meta name="theme-color" content="#ffffff">
<meta property="og:type" content="website">
<meta property="og:site_name" content="Damian Watracz">
<meta property="og:image" content="assets/images/page-404.jpg">
<meta property="og:image:width" content="1200">
<meta property="og:image:height" content="630">
<meta property="og:title" content="404 | Damian Watracz - Freelance Web & UI Designer">
<meta property="og:description" content="OOPS Something went wrong... The page you are looking for doesn't seem to exist or has been moved to a new location.">
<link rel="stylesheet" href="/assets/fonts/webfonts.css?v=2.5.18">
<link rel="stylesheet" href="/css/build.min.css?v=2.5.18">
<script async src="https://www.googletagmanager.com/gtag/js?id=UA-112464574-1"></script>
<script>
			window.dataLayer = window.dataLayer || [];
			function gtag(){dataLayer.push(arguments);}
			gtag('js', new Date());
			gtag('config', 'UA-112464574-1');
		</script>
</head>
<body>
<script src="https://www.google.com/recaptcha/api.js?onload=recaptchaOnloadCallback&render=explicit" async defer></script>
<script>
		var recaptchaObject = null;
		var recaptchaOnloadCallback = function() {
			if($('#contact-recaptcha').length > 0 && typeof grecaptcha !== "undefined"){
				if($('#contact-recaptcha iframe').length < 1){
					recaptchaObject = grecaptcha.render('contact-recaptcha', {
						'sitekey' : '6LdtzscUAAAAAPSIrHt9dDtkTmiEdtwREsl9w4NA',
						'callback' : function(response){
							$('#contact-recaptcha > div iframe').removeAttr('style');
						}
					});
				}else{
					grecaptcha.reset(recaptchaObject);
				}
				
				
			}
			
		};
		</script>
<div class="svg-icons-wrapper">
<svg viewBox="0 0 20 20" xmlns="http://www.w3.org/2000/svg" xlink="http://www.w3.org/1999/xlink"><symbol viewBox="0 0 20 20" id="icon_arrow_down"><title>icon_arrow_down</title> <path d="M2,12.3L3.4,11L9,16.4V0h2v16.4l5.6-5.4l1.4,1.3L10,20L2,12.3z" /> </symbol><symbol viewBox="0 0 20 20" id="icon_arrow_left"><title>icon_arrow_left</title> <path d="M7.7,2L9,3.4L3.6,9H20v2H3.6L9,16.6L7.7,18L0,10L7.7,2z" /> </symbol><symbol viewBox="0 0 16 16" id="icon_arrow_link--thin"><title>icon_arrow_link--thin</title> <path d="M15,8.5L10.8,13l-0.7-0.7L13.1,9H1V8h12.1l-3.1-3.3L10.8,4L15,8.5z" /> </symbol><symbol viewBox="0 0 16 16" id="icon_arrow_link"><title>icon_arrow_link</title> <path d="M10.9,13l-1.4-1.4L12.2,9H0V7h12.2L9.5,4.4L10.9,3L16,8L10.9,13z" /> </symbol><symbol viewBox="0 0 20 20" id="icon_arrow_right"><title>icon_arrow_right</title> <path d="M12.3,18L11,16.6l5.4-5.6H0V9h16.4L11,3.4L12.3,2l7.7,8L12.3,18z" /> </symbol><symbol viewBox="0 0 20 20" id="icon_arrow_up"><title>icon_arrow_up</title> <path d="M18,7.7L16.6,9L11,3.6V20H9V3.6L3.4,9L2,7.7L10,0L18,7.7z" /> </symbol><symbol viewBox="0 0 20 20" id="icon_button_check"><title>icon_button_check</title> <path d="M17.7,3.8c-0.4-0.4-1-0.4-1.4,0l-8.4,9L3.7,9C3.3,8.6,2.7,8.6,2.3,9c-0.4,0.4-0.5,1-0.1,1.5L6.9,16c0,0.1,0.1,0.1,0.2,0.2
	c0.6,0.5,1.5,0.4,2-0.2l0,0l8.7-10.7C18.1,4.8,18.1,4.2,17.7,3.8z" /> </symbol><symbol viewBox="0 0 20 20" id="icon_button_loading"><title>icon_button_loading</title> <path id="icon_button_loading-Icon" d="M5.1,16c-0.3,0-0.5-0.1-0.7-0.3c-3.1-3.1-3.1-8.2,0-11.4C5.9,2.8,7.9,2,10,2c0.6,0,1,0.5,1,1s-0.4,1-1,1
	c-3.3,0-6,2.7-6,6c0,1.6,0.6,3.1,1.8,4.2c0.4,0.4,0.4,1,0,1.4c0,0,0,0,0,0C5.6,15.9,5.3,16,5.1,16z" /> </symbol><symbol viewBox="0 0 20 20" id="icon_button_mail"><title>icon_button_mail</title> <path d="M16,17H4c-1.1,0-2-0.9-2-2V5c0-1.1,0.9-2,2-2h12c1.1,0,2,0.9,2,2v10C18,16.1,17.1,17,16,17z M16,15V7.6l-6,4.2L4,7.6V15H16z
	 M4,5v0.7l6,3.4l6-3.4V5H4z" /> </symbol><symbol viewBox="0 0 20 20" id="icon_heart"><title>icon_heart</title> <path d="M10,5.6C7.4-0.1,0.1,1.2,0,7.9c0,3.7,3.5,5.1,5.9,6.5c2.3,1.4,3.9,3.4,4.2,4.2c0.2-0.8,2-2.8,4.1-4.3
	c2.3-1.6,5.9-2.9,5.9-6.5C20,1.2,12.5,0.1,10,5.6z" /> </symbol><symbol viewBox="0 0 30 30" id="icon_instagram"><title>icon_instagram</title> <style type="text/css"> .st0{fill-rule:evenodd;clip-rule:evenodd;} </style> <g> <g> <path class="st0" d="M15,7.8c-4,0-7.2,3.2-7.2,7.2s3.2,7.2,7.2,7.2c4,0,7.2-3.2,7.2-7.2S19,7.8,15,7.8z M15,19.6
			c-2.6,0-4.7-2.1-4.7-4.7c0-2.6,2.1-4.7,4.7-4.7c2.6,0,4.7,2.1,4.7,4.7C19.7,17.5,17.6,19.6,15,19.6z M22.5,5.8
			c-0.9,0-1.7,0.8-1.7,1.7s0.8,1.7,1.7,1.7s1.7-0.8,1.7-1.7S23.4,5.8,22.5,5.8z M20.9,1H9.1C4.6,1,1,4.6,1,9.1v11.8
			C1,25.4,4.6,29,9.1,29h11.8c4.5,0,8.1-3.6,8.1-8.1V9.1C29,4.6,25.4,1,20.9,1z M26.4,21.1c0,2.8-2.3,5.1-5.1,5.1c0,0-3,0.1-6.1,0.1
			c-3.2,0-6.4-0.1-6.4-0.1c-2.8,0-5.1-2.3-5.1-5.1c0,0-0.1-2.9-0.1-5.9c0-3.2,0.1-6.5,0.1-6.5c0-2.8,2.3-5.1,5.1-5.1
			c0,0,3.2-0.1,6.5-0.1c2.9,0,5.9,0.1,5.9,0.1c2.8,0,5.1,2.3,5.1,5.1c0,0,0.1,3.3,0.1,6.5C26.5,18.2,26.4,21.1,26.4,21.1z" /> </g> </g> </symbol><symbol viewBox="0 0 32 32" id="icon_marker"><title>icon_marker</title> <path d="M16,17c-2.8,0-5-2.2-5-5c0-2.8,2.2-5,5-5s5,2.2,5,5C21,14.8,18.8,17,16,17 M16,0C9.4,0,4,5.4,4,12c0,10,12,20,12,20
	s12-10,12-20C28,5.4,22.6,0,16,0" /> </symbol><symbol viewBox="0 0 20 20" id="icon_notification_error"><title>icon_notification_error</title> <style type="text/css"> .st0{fill-rule:evenodd;clip-rule:evenodd;} </style> <g> <g> <path class="st0" d="M10,12c-0.6,0-1,0.4-1,1s0.4,1,1,1s1-0.4,1-1S10.6,12,10,12z M10,2c-4.4,0-8,3.6-8,8s3.6,8,8,8s8-3.6,8-8
			S14.4,2,10,2z M10,16c-3.3,0-6-2.7-6-6s2.7-6,6-6c3.3,0,6,2.7,6,6S13.3,16,10,16z M10,6C9.4,6,9,6.4,9,7v3c0,0.6,0.4,1,1,1
			s1-0.4,1-1V7C11,6.4,10.6,6,10,6z" /> </g> </g> </symbol><symbol viewBox="0 0 20 20" id="icon_select_gray"><title>icon_select_gray</title> <style type="text/css"> .st0{fill-rule:evenodd;clip-rule:evenodd;} </style> <polygon class="st0" points="13.6,7 10,10.3 6.4,7 5,8.3 8.6,11.7 8.6,11.7 10,13 15,8.3 " /> </symbol><symbol viewBox="0 0 20 20" id="icon_select_new-black"><title>icon_select_new-black</title> <style type="text/css"> .st0{fill-rule:evenodd;clip-rule:evenodd;} </style> <polygon class="st0" points="13.6,7 10,10.3 6.4,7 5,8.3 8.6,11.7 8.6,11.7 10,13 15,8.3 " /> </symbol></svg> </div>
<div id="curtain" class="on first-loading">
<div class="loader-background">
<img src="" alt="" class="active" data-page="404">
</div>
</div>
<nav id="nav">
<a href="/" class="logo internal" data-page="home">
<svg version="1.0" xmlns="http://www.w3.org/2000/svg" xlink="http://www.w3.org/1999/xlink" x="0px" y="0px" width="46px" height="46px" viewBox="0 0 46 46" enable-background="new 0 0 46 46" space="preserve">
<path fill="#878a8f" d="M22.953,0A23,23,0,1,0,45.909,23,22.978,22.978,0,0,0,22.953,0Zm0,43A20,20,0,1,1,42.915,23,19.981,19.981,0,0,1,22.953,43Zm5.055-16.727L24.83,16.009h-3.5l-3.178,10.24-2.529-10.24H11.99L16.162,32H19.75l3.286-10.6L26.3,32h3.523L34,16.009h-3.5Z" />
</svg>
<svg version="1.0" xmlns="http://www.w3.org/2000/svg" xlink="http://www.w3.org/1999/xlink" x="0px" y="0px" width="167px" height="46px" viewBox="0 0 167 46" enable-background="new 0 0 167 46" space="preserve">
<path fill="#878a8f" d="M6.45,39.32L6.12,37.835,5.16,34H3.9l-0.97,3.837L2.591,39.32l-0.34-1.486L1.261,34h-1.27l2,7h1.17l1.36-5.47L5.89,41H7.05l2.03-7H7.84L6.81,37.835Zm12.777-1.427V36.871H15.678V35.011h3.9V34H14.468v7h5.2V39.989H15.678v-2.1h3.549ZM30.834,35.71a1.521,1.521,0,0,0-.57-1.254A2.391,2.391,0,0,0,28.725,34H25.466v7h3.3a2.474,2.474,0,0,0,1.715-.561,1.9,1.9,0,0,0,.625-1.486,1.69,1.69,0,0,0-1.37-1.741,1.468,1.468,0,0,0,1.1-1.505h0Zm-1.21.177a0.859,0.859,0,0,1-.295.7,1.321,1.321,0,0,1-.865.246h-1.79v-1.84h1.86a0.888,0.888,0,0,1,1.09.9h0Zm-2.949,1.928h1.959a1.044,1.044,0,0,1,1.27,1.072,1.013,1.013,0,0,1-.335.816,1.447,1.447,0,0,1-.965.285h-1.93V37.815ZM49.44,37.53H48.32A3.888,3.888,0,0,1,48,38.72l-1.28-1.407a2.089,2.089,0,0,0,1.41-1.84,1.467,1.467,0,0,0-.54-1.181,2.086,2.086,0,0,0-1.39-.462,2.333,2.333,0,0,0-.89.167,1.593,1.593,0,0,0-.99,1.176,1.588,1.588,0,0,0,.1.881,2.922,2.922,0,0,0,.645.974,2.221,2.221,0,0,0-1.66,2.105,1.784,1.784,0,0,0,.67,1.466,2.69,2.69,0,0,0,1.75.551,3.033,3.033,0,0,0,2.15-.856l0.64,0.718h1.46L48.7,39.488a4.456,4.456,0,0,0,.74-1.958h0Zm-2.41-2a0.81,0.81,0,0,1-.23.571,2.4,2.4,0,0,1-.74.482l-0.23-.256a1.231,1.231,0,0,1-.4-0.826,0.6,0.6,0,0,1,.23-0.521,0.814,0.814,0,0,1,.56-0.2,1.063,1.063,0,0,1,.58.2,0.7,0.7,0,0,1,.23.551h0Zm-2.09,4.339a0.994,0.994,0,0,1-.36-0.8,1.494,1.494,0,0,1,1.15-1.318l1.6,1.81a1.893,1.893,0,0,1-1.41.61A1.467,1.467,0,0,1,44.941,39.871Zm23.025-1.053V34h-1.21v4.85a1.269,1.269,0,0,1-1.54,1.309q-1.55,0-1.55-1.309V34h-1.21v4.821a2.2,2.2,0,0,0,.72,1.761,3.016,3.016,0,0,0,2.029.62,3.081,3.081,0,0,0,2.04-.62,2.2,2.2,0,0,0,.72-1.761h0ZM74.664,34h-1.21v7h1.21V34Zm12.787,7h2.6a3.1,3.1,0,0,0,2.424-.915A3.731,3.731,0,0,0,93.3,37.5a3.737,3.737,0,0,0-.82-2.6A3.135,3.135,0,0,0,90.04,34H87.451v7Zm1.21-6.011h1.19a2.167,2.167,0,0,1,1.7.6A2.858,2.858,0,0,1,92.08,37.5a2.881,2.881,0,0,1-.51,1.894,2.048,2.048,0,0,1-1.64.6h-1.27v-5Zm14.546,2.9V36.871H99.658V35.011h3.9V34H98.448v7h5.2V39.989H99.658v-2.1h3.549Zm10.963,2.715a1.889,1.889,0,0,0,.735-1.564q0-1.554-1.99-2.007l-1.34-.3a1.02,1.02,0,0,1-1.029-.915,0.862,0.862,0,0,1,.369-0.733,1.7,1.7,0,0,1,1.02-.271,1.823,1.823,0,0,1,1.135.325,1.29,1.29,0,0,1,.5.915h1.17a2.2,2.2,0,0,0-.82-1.623,3.07,3.07,0,0,0-1.97-.59,2.8,2.8,0,0,0-1.909.59,1.941,1.941,0,0,0-.68,1.505q0,1.466,1.869,1.889l1.16,0.266a2.385,2.385,0,0,1,.99.394,0.809,0.809,0,0,1,.3.659,0.907,0.907,0,0,1-.405.792,2.015,2.015,0,0,1-1.155.28,1.51,1.51,0,0,1-1.789-1.436h-1.18a2.362,2.362,0,0,0,.835,1.79A3.956,3.956,0,0,0,114.17,40.609ZM121.653,34h-1.21v7h1.21V34Zm9.008,3.237v1.013h1.929v0.118a2.117,2.117,0,0,1-.664,1.318,2.135,2.135,0,0,1-2.945-.256,2.984,2.984,0,0,1-.58-1.928,2.9,2.9,0,0,1,.585-1.919,2.267,2.267,0,0,1,2.83-.359,1.48,1.48,0,0,1,.594.969l1.18-.079a2.476,2.476,0,0,0-.97-1.663,3.338,3.338,0,0,0-2.059-.6,3.176,3.176,0,0,0-2.45.984,3.735,3.735,0,0,0-.929,2.656,3.7,3.7,0,0,0,.939,2.666,3.089,3.089,0,0,0,2.37,1,2.383,2.383,0,0,0,2.139-1.023L132.86,41h0.82V37.235l-0.33.059,0.01-.059h-2.7ZM140.679,34h-1.24v7h1.18v-5.1l3.259,5.1h1.259V34h-1.179v5.116Zm14.516,3.9V36.871h-3.549V35.011h3.9V34h-5.109v7h5.2V39.989h-3.989v-2.1H155.2Zm10.448-.276A1.722,1.722,0,0,0,166.612,37a1.79,1.79,0,0,0,.34-1.117,1.761,1.761,0,0,0-.569-1.377,2.377,2.377,0,0,0-1.64-.512h-3.309v7h1.209V38.14h1.74a1.29,1.29,0,0,1,.86.236,1.16,1.16,0,0,1,.32.8l0.19,1.83h1.239l-0.28-2.223a1.243,1.243,0,0,0-1.069-1.161h0Zm-3-2.607h1.91a1.312,1.312,0,0,1,.9.271,0.955,0.955,0,0,1,.3.753,1.006,1.006,0,0,1-.355.817,1.567,1.567,0,0,1-1.025.3h-1.73V35.011ZM0.011,23H6.422a7.9,7.9,0,0,0,5.928-2.12,8.052,8.052,0,0,0,2.064-5.865A8.052,8.052,0,0,0,12.35,9.147a7.9,7.9,0,0,0-5.928-2.12H0.011V23ZM3.721,10.235H6.356a3.978,3.978,0,0,1,3.107,1.2,5.175,5.175,0,0,1,1.087,3.577A5.174,5.174,0,0,1,9.463,18.59a3.977,3.977,0,0,1-3.107,1.2H3.721V10.235ZM26.358,20.867V14.721q0-3.566-5.05-3.566-5.116,0-5.423,4.015h3.4a1.647,1.647,0,0,1,.516-1.2,2.528,2.528,0,0,1,1.482-.325q1.734,0,1.735,1.166,0,0.987-1.471,1.144l-1.778.157q-4.435.382-4.435,3.611a3.2,3.2,0,0,0,1.131,2.6,4.53,4.53,0,0,0,3,.942,4.176,4.176,0,0,0,3.623-1.57,3.034,3.034,0,0,0,.285,1.3h3.447a3.843,3.843,0,0,1-.461-2.131h0Zm-7.092-.314a1.18,1.18,0,0,1-.439-0.965q0-1.211,1.647-1.391l1.405-.157a1.875,1.875,0,0,0,1.142-.449v0.852a2.373,2.373,0,0,1-.681,1.851,2.642,2.642,0,0,1-1.844.617A1.891,1.891,0,0,1,19.266,20.553Zm19.1-7.312a3.531,3.531,0,0,0-3.513-2.086,3.741,3.741,0,0,0-3.227,1.906V11.424H28.29V23h3.425V16.605a2.755,2.755,0,0,1,.538-1.839,1.8,1.8,0,0,1,1.438-.628q1.69,0,1.691,1.951V23h3.425V16.605a2.8,2.8,0,0,1,.527-1.839,1.766,1.766,0,0,1,1.427-.628q1.69,0,1.691,1.951V23h3.425V15.484a4.516,4.516,0,0,0-1.054-3.2,3.794,3.794,0,0,0-2.92-1.133,4.117,4.117,0,0,0-3.535,2.086h0Zm12.954-6.1H48.05V10.1h3.272V7.14Zm0.066,4.284H47.962V23h3.425V11.424Zm12.559,9.443V14.721q0-3.566-5.05-3.566-5.116,0-5.423,4.015h3.4a1.646,1.646,0,0,1,.516-1.2,2.528,2.528,0,0,1,1.482-.325q1.734,0,1.734,1.166,0,0.987-1.471,1.144l-1.779.157q-4.435.382-4.435,3.611a3.2,3.2,0,0,0,1.131,2.6,4.53,4.53,0,0,0,3,.942,4.177,4.177,0,0,0,3.623-1.57A3.035,3.035,0,0,0,60.96,23h3.447a3.843,3.843,0,0,1-.461-2.131h0Zm-7.092-.314a1.18,1.18,0,0,1-.439-0.965q0-1.211,1.647-1.391l1.405-.157a1.875,1.875,0,0,0,1.142-.449v0.852a2.373,2.373,0,0,1-.681,1.851,2.643,2.643,0,0,1-1.844.617A1.891,1.891,0,0,1,56.854,20.553Zm12.361-7.491V11.424H65.878V23H69.3v-6.46a2.426,2.426,0,0,1,.615-1.772,2.063,2.063,0,0,1,1.537-.628,1.681,1.681,0,0,1,1.822,1.974V23H76.7V15.416a4.372,4.372,0,0,0-1.065-3.151,3.785,3.785,0,0,0-2.865-1.11,4.113,4.113,0,0,0-3.557,1.906h0ZM98.263,18.8q-0.615-3.566-1.23-6.3L95.782,7.028H92.071L90.82,12.5q-0.483,2.22-1.23,6.258Q89.041,16,88.207,12.5l-1.3-5.473H83.025L87.307,23h4.15l1.317-5.652q0.68-3.163,1.164-5.764,0.549,3.23,1.164,5.764L96.4,23h4.15l4.281-15.97h-3.864L99.646,12.5q-1.076,4.867-1.383,6.3h0Zm16.8,2.063V14.721q0-3.566-5.05-3.566-5.117,0-5.423,4.015h3.4a1.647,1.647,0,0,1,.516-1.2,2.531,2.531,0,0,1,1.482-.325q1.734,0,1.735,1.166,0,0.987-1.471,1.144l-1.779.157q-4.435.382-4.435,3.611a3.2,3.2,0,0,0,1.131,2.6,4.528,4.528,0,0,0,3,.942,4.178,4.178,0,0,0,3.623-1.57,3.024,3.024,0,0,0,.285,1.3h3.447a3.846,3.846,0,0,1-.461-2.131h0Zm-7.092-.314a1.18,1.18,0,0,1-.439-0.965q0-1.211,1.647-1.391l1.405-.157a1.879,1.879,0,0,0,1.142-.449v0.852a2.372,2.372,0,0,1-.681,1.851,2.643,2.643,0,0,1-1.844.617A1.893,1.893,0,0,1,107.967,20.553Zm13.108-9.129V7.992H117.65v3.432h-1.691v2.557h1.691v5.787a3.11,3.11,0,0,0,.944,2.546,4.855,4.855,0,0,0,3.074.774,11.365,11.365,0,0,0,1.581-.09V20.4H122.37a1.758,1.758,0,0,1-1.01-.213,0.94,0.94,0,0,1-.285-0.8V13.981h2.174V11.424h-2.174Zm7.07,2.153V11.424h-3.337V23h3.425V17.614q0-3.14,3.008-3.14h0.878V11.289q-0.658-.045-0.747-0.045a3.134,3.134,0,0,0-3.227,2.333h0Zm15.325,7.289V14.721q0-3.566-5.05-3.566-5.117,0-5.423,4.015h3.4a1.647,1.647,0,0,1,.516-1.2,2.527,2.527,0,0,1,1.482-.325q1.734,0,1.735,1.166,0,0.987-1.471,1.144l-1.779.157q-4.436.382-4.435,3.611a3.2,3.2,0,0,0,1.131,2.6,4.528,4.528,0,0,0,3,.942A4.175,4.175,0,0,0,140.2,21.7a3.038,3.038,0,0,0,.286,1.3h3.447a3.846,3.846,0,0,1-.461-2.131h0Zm-7.092-.314a1.18,1.18,0,0,1-.439-0.965q0-1.211,1.647-1.391l1.405-.157a1.879,1.879,0,0,0,1.142-.449v0.852a2.375,2.375,0,0,1-.681,1.851,2.643,2.643,0,0,1-1.844.617A1.893,1.893,0,0,1,136.378,20.553Zm18.18,1.413a4.893,4.893,0,0,0,1.69-3.521h-3.4A1.971,1.971,0,0,1,150.65,20.4q-2.351,0-2.35-3.185Q148.3,14,150.65,14a1.921,1.921,0,0,1,2.129,1.772h3.4a4.948,4.948,0,0,0-1.723-3.376,5.721,5.721,0,0,0-3.809-1.245,5.618,5.618,0,0,0-4.238,1.637,6.093,6.093,0,0,0-1.581,4.419,6.109,6.109,0,0,0,1.581,4.4,5.576,5.576,0,0,0,4.238,1.66,5.841,5.841,0,0,0,3.908-1.3h0Zm6.806-1.548q0.637-.762,1.405-1.727l4.018-5.069v-2.2h-9.66v2.6h3.1q1.777,0,2.283-.022-0.638.763-1.405,1.727L157.083,20.8V23h9.924V20.4h-3.359q-1.779,0-2.284.022h0Z" />
</svg>
</a>
<a href="#" class="close">
<span>Close</span>
<b>
<i></i>
<i></i>
</b>
</a>
<footer>
<p class="small">
© 2018 Damian Watracz<span>. Made with <span class="icon icon-heart"><svg><use xlink:href="#icon_heart" /></svg></span> in Kraków, Poland.</span>
</p>
</footer>
</nav>
<nav id="nav-overlay-content"><div>
<div class="content">
<h5>Menu</h5>
<ul>
<li><a href="/" data-page="home"><i></i>Projects</a></li>
<li><a href="about" data-page="about"><i></i>About me</a></li>
<li><a href="contact" data-page="contact"><i></i>Contact</a></li>
<li><a href="https://dribbble.com/damianwatracz" target="_blank"><i></i>Dribbble</a></li>
<li><a href="https://www.instagram.com/damianwatracz/" target="_blank"><i></i>Instagram</a></li>
<li><a href="https://www.behance.net/damianwatracz" target="_blank"><i></i>Behance</a></li>
</ul>
</div>
</div></nav>
<div id="nav-scroll"></div>
<div class="loader on first-loading">
<div class="loader-preloader">
<div class="swiper-lazy-preloader">
</div>
</div>
<div class="logo">
<svg version="1.0" xmlns="http://www.w3.org/2000/svg" xlink="http://www.w3.org/1999/xlink" x="0px" y="0px" width="46px" height="46px" viewBox="0 0 46 46" enable-background="new 0 0 46 46" space="preserve">
<path fill="#878a8f" d="M22.953,0A23,23,0,1,0,45.909,23,22.978,22.978,0,0,0,22.953,0Zm0,43A20,20,0,1,1,42.915,23,19.981,19.981,0,0,1,22.953,43Zm5.055-16.727L24.83,16.009h-3.5l-3.178,10.24-2.529-10.24H11.99L16.162,32H19.75l3.286-10.6L26.3,32h3.523L34,16.009h-3.5Z" />
</svg>
<svg version="1.0" xmlns="http://www.w3.org/2000/svg" xlink="http://www.w3.org/1999/xlink" x="0px" y="0px" width="167px" height="46px" viewBox="0 0 167 46" enable-background="new 0 0 167 46" space="preserve">
<path fill="#878a8f" d="M6.45,39.32L6.12,37.835,5.16,34H3.9l-0.97,3.837L2.591,39.32l-0.34-1.486L1.261,34h-1.27l2,7h1.17l1.36-5.47L5.89,41H7.05l2.03-7H7.84L6.81,37.835Zm12.777-1.427V36.871H15.678V35.011h3.9V34H14.468v7h5.2V39.989H15.678v-2.1h3.549ZM30.834,35.71a1.521,1.521,0,0,0-.57-1.254A2.391,2.391,0,0,0,28.725,34H25.466v7h3.3a2.474,2.474,0,0,0,1.715-.561,1.9,1.9,0,0,0,.625-1.486,1.69,1.69,0,0,0-1.37-1.741,1.468,1.468,0,0,0,1.1-1.505h0Zm-1.21.177a0.859,0.859,0,0,1-.295.7,1.321,1.321,0,0,1-.865.246h-1.79v-1.84h1.86a0.888,0.888,0,0,1,1.09.9h0Zm-2.949,1.928h1.959a1.044,1.044,0,0,1,1.27,1.072,1.013,1.013,0,0,1-.335.816,1.447,1.447,0,0,1-.965.285h-1.93V37.815ZM49.44,37.53H48.32A3.888,3.888,0,0,1,48,38.72l-1.28-1.407a2.089,2.089,0,0,0,1.41-1.84,1.467,1.467,0,0,0-.54-1.181,2.086,2.086,0,0,0-1.39-.462,2.333,2.333,0,0,0-.89.167,1.593,1.593,0,0,0-.99,1.176,1.588,1.588,0,0,0,.1.881,2.922,2.922,0,0,0,.645.974,2.221,2.221,0,0,0-1.66,2.105,1.784,1.784,0,0,0,.67,1.466,2.69,2.69,0,0,0,1.75.551,3.033,3.033,0,0,0,2.15-.856l0.64,0.718h1.46L48.7,39.488a4.456,4.456,0,0,0,.74-1.958h0Zm-2.41-2a0.81,0.81,0,0,1-.23.571,2.4,2.4,0,0,1-.74.482l-0.23-.256a1.231,1.231,0,0,1-.4-0.826,0.6,0.6,0,0,1,.23-0.521,0.814,0.814,0,0,1,.56-0.2,1.063,1.063,0,0,1,.58.2,0.7,0.7,0,0,1,.23.551h0Zm-2.09,4.339a0.994,0.994,0,0,1-.36-0.8,1.494,1.494,0,0,1,1.15-1.318l1.6,1.81a1.893,1.893,0,0,1-1.41.61A1.467,1.467,0,0,1,44.941,39.871Zm23.025-1.053V34h-1.21v4.85a1.269,1.269,0,0,1-1.54,1.309q-1.55,0-1.55-1.309V34h-1.21v4.821a2.2,2.2,0,0,0,.72,1.761,3.016,3.016,0,0,0,2.029.62,3.081,3.081,0,0,0,2.04-.62,2.2,2.2,0,0,0,.72-1.761h0ZM74.664,34h-1.21v7h1.21V34Zm12.787,7h2.6a3.1,3.1,0,0,0,2.424-.915A3.731,3.731,0,0,0,93.3,37.5a3.737,3.737,0,0,0-.82-2.6A3.135,3.135,0,0,0,90.04,34H87.451v7Zm1.21-6.011h1.19a2.167,2.167,0,0,1,1.7.6A2.858,2.858,0,0,1,92.08,37.5a2.881,2.881,0,0,1-.51,1.894,2.048,2.048,0,0,1-1.64.6h-1.27v-5Zm14.546,2.9V36.871H99.658V35.011h3.9V34H98.448v7h5.2V39.989H99.658v-2.1h3.549Zm10.963,2.715a1.889,1.889,0,0,0,.735-1.564q0-1.554-1.99-2.007l-1.34-.3a1.02,1.02,0,0,1-1.029-.915,0.862,0.862,0,0,1,.369-0.733,1.7,1.7,0,0,1,1.02-.271,1.823,1.823,0,0,1,1.135.325,1.29,1.29,0,0,1,.5.915h1.17a2.2,2.2,0,0,0-.82-1.623,3.07,3.07,0,0,0-1.97-.59,2.8,2.8,0,0,0-1.909.59,1.941,1.941,0,0,0-.68,1.505q0,1.466,1.869,1.889l1.16,0.266a2.385,2.385,0,0,1,.99.394,0.809,0.809,0,0,1,.3.659,0.907,0.907,0,0,1-.405.792,2.015,2.015,0,0,1-1.155.28,1.51,1.51,0,0,1-1.789-1.436h-1.18a2.362,2.362,0,0,0,.835,1.79A3.956,3.956,0,0,0,114.17,40.609ZM121.653,34h-1.21v7h1.21V34Zm9.008,3.237v1.013h1.929v0.118a2.117,2.117,0,0,1-.664,1.318,2.135,2.135,0,0,1-2.945-.256,2.984,2.984,0,0,1-.58-1.928,2.9,2.9,0,0,1,.585-1.919,2.267,2.267,0,0,1,2.83-.359,1.48,1.48,0,0,1,.594.969l1.18-.079a2.476,2.476,0,0,0-.97-1.663,3.338,3.338,0,0,0-2.059-.6,3.176,3.176,0,0,0-2.45.984,3.735,3.735,0,0,0-.929,2.656,3.7,3.7,0,0,0,.939,2.666,3.089,3.089,0,0,0,2.37,1,2.383,2.383,0,0,0,2.139-1.023L132.86,41h0.82V37.235l-0.33.059,0.01-.059h-2.7ZM140.679,34h-1.24v7h1.18v-5.1l3.259,5.1h1.259V34h-1.179v5.116Zm14.516,3.9V36.871h-3.549V35.011h3.9V34h-5.109v7h5.2V39.989h-3.989v-2.1H155.2Zm10.448-.276A1.722,1.722,0,0,0,166.612,37a1.79,1.79,0,0,0,.34-1.117,1.761,1.761,0,0,0-.569-1.377,2.377,2.377,0,0,0-1.64-.512h-3.309v7h1.209V38.14h1.74a1.29,1.29,0,0,1,.86.236,1.16,1.16,0,0,1,.32.8l0.19,1.83h1.239l-0.28-2.223a1.243,1.243,0,0,0-1.069-1.161h0Zm-3-2.607h1.91a1.312,1.312,0,0,1,.9.271,0.955,0.955,0,0,1,.3.753,1.006,1.006,0,0,1-.355.817,1.567,1.567,0,0,1-1.025.3h-1.73V35.011ZM0.011,23H6.422a7.9,7.9,0,0,0,5.928-2.12,8.052,8.052,0,0,0,2.064-5.865A8.052,8.052,0,0,0,12.35,9.147a7.9,7.9,0,0,0-5.928-2.12H0.011V23ZM3.721,10.235H6.356a3.978,3.978,0,0,1,3.107,1.2,5.175,5.175,0,0,1,1.087,3.577A5.174,5.174,0,0,1,9.463,18.59a3.977,3.977,0,0,1-3.107,1.2H3.721V10.235ZM26.358,20.867V14.721q0-3.566-5.05-3.566-5.116,0-5.423,4.015h3.4a1.647,1.647,0,0,1,.516-1.2,2.528,2.528,0,0,1,1.482-.325q1.734,0,1.735,1.166,0,0.987-1.471,1.144l-1.778.157q-4.435.382-4.435,3.611a3.2,3.2,0,0,0,1.131,2.6,4.53,4.53,0,0,0,3,.942,4.176,4.176,0,0,0,3.623-1.57,3.034,3.034,0,0,0,.285,1.3h3.447a3.843,3.843,0,0,1-.461-2.131h0Zm-7.092-.314a1.18,1.18,0,0,1-.439-0.965q0-1.211,1.647-1.391l1.405-.157a1.875,1.875,0,0,0,1.142-.449v0.852a2.373,2.373,0,0,1-.681,1.851,2.642,2.642,0,0,1-1.844.617A1.891,1.891,0,0,1,19.266,20.553Zm19.1-7.312a3.531,3.531,0,0,0-3.513-2.086,3.741,3.741,0,0,0-3.227,1.906V11.424H28.29V23h3.425V16.605a2.755,2.755,0,0,1,.538-1.839,1.8,1.8,0,0,1,1.438-.628q1.69,0,1.691,1.951V23h3.425V16.605a2.8,2.8,0,0,1,.527-1.839,1.766,1.766,0,0,1,1.427-.628q1.69,0,1.691,1.951V23h3.425V15.484a4.516,4.516,0,0,0-1.054-3.2,3.794,3.794,0,0,0-2.92-1.133,4.117,4.117,0,0,0-3.535,2.086h0Zm12.954-6.1H48.05V10.1h3.272V7.14Zm0.066,4.284H47.962V23h3.425V11.424Zm12.559,9.443V14.721q0-3.566-5.05-3.566-5.116,0-5.423,4.015h3.4a1.646,1.646,0,0,1,.516-1.2,2.528,2.528,0,0,1,1.482-.325q1.734,0,1.734,1.166,0,0.987-1.471,1.144l-1.779.157q-4.435.382-4.435,3.611a3.2,3.2,0,0,0,1.131,2.6,4.53,4.53,0,0,0,3,.942,4.177,4.177,0,0,0,3.623-1.57A3.035,3.035,0,0,0,60.96,23h3.447a3.843,3.843,0,0,1-.461-2.131h0Zm-7.092-.314a1.18,1.18,0,0,1-.439-0.965q0-1.211,1.647-1.391l1.405-.157a1.875,1.875,0,0,0,1.142-.449v0.852a2.373,2.373,0,0,1-.681,1.851,2.643,2.643,0,0,1-1.844.617A1.891,1.891,0,0,1,56.854,20.553Zm12.361-7.491V11.424H65.878V23H69.3v-6.46a2.426,2.426,0,0,1,.615-1.772,2.063,2.063,0,0,1,1.537-.628,1.681,1.681,0,0,1,1.822,1.974V23H76.7V15.416a4.372,4.372,0,0,0-1.065-3.151,3.785,3.785,0,0,0-2.865-1.11,4.113,4.113,0,0,0-3.557,1.906h0ZM98.263,18.8q-0.615-3.566-1.23-6.3L95.782,7.028H92.071L90.82,12.5q-0.483,2.22-1.23,6.258Q89.041,16,88.207,12.5l-1.3-5.473H83.025L87.307,23h4.15l1.317-5.652q0.68-3.163,1.164-5.764,0.549,3.23,1.164,5.764L96.4,23h4.15l4.281-15.97h-3.864L99.646,12.5q-1.076,4.867-1.383,6.3h0Zm16.8,2.063V14.721q0-3.566-5.05-3.566-5.117,0-5.423,4.015h3.4a1.647,1.647,0,0,1,.516-1.2,2.531,2.531,0,0,1,1.482-.325q1.734,0,1.735,1.166,0,0.987-1.471,1.144l-1.779.157q-4.435.382-4.435,3.611a3.2,3.2,0,0,0,1.131,2.6,4.528,4.528,0,0,0,3,.942,4.178,4.178,0,0,0,3.623-1.57,3.024,3.024,0,0,0,.285,1.3h3.447a3.846,3.846,0,0,1-.461-2.131h0Zm-7.092-.314a1.18,1.18,0,0,1-.439-0.965q0-1.211,1.647-1.391l1.405-.157a1.879,1.879,0,0,0,1.142-.449v0.852a2.372,2.372,0,0,1-.681,1.851,2.643,2.643,0,0,1-1.844.617A1.893,1.893,0,0,1,107.967,20.553Zm13.108-9.129V7.992H117.65v3.432h-1.691v2.557h1.691v5.787a3.11,3.11,0,0,0,.944,2.546,4.855,4.855,0,0,0,3.074.774,11.365,11.365,0,0,0,1.581-.09V20.4H122.37a1.758,1.758,0,0,1-1.01-.213,0.94,0.94,0,0,1-.285-0.8V13.981h2.174V11.424h-2.174Zm7.07,2.153V11.424h-3.337V23h3.425V17.614q0-3.14,3.008-3.14h0.878V11.289q-0.658-.045-0.747-0.045a3.134,3.134,0,0,0-3.227,2.333h0Zm15.325,7.289V14.721q0-3.566-5.05-3.566-5.117,0-5.423,4.015h3.4a1.647,1.647,0,0,1,.516-1.2,2.527,2.527,0,0,1,1.482-.325q1.734,0,1.735,1.166,0,0.987-1.471,1.144l-1.779.157q-4.436.382-4.435,3.611a3.2,3.2,0,0,0,1.131,2.6,4.528,4.528,0,0,0,3,.942A4.175,4.175,0,0,0,140.2,21.7a3.038,3.038,0,0,0,.286,1.3h3.447a3.846,3.846,0,0,1-.461-2.131h0Zm-7.092-.314a1.18,1.18,0,0,1-.439-0.965q0-1.211,1.647-1.391l1.405-.157a1.879,1.879,0,0,0,1.142-.449v0.852a2.375,2.375,0,0,1-.681,1.851,2.643,2.643,0,0,1-1.844.617A1.893,1.893,0,0,1,136.378,20.553Zm18.18,1.413a4.893,4.893,0,0,0,1.69-3.521h-3.4A1.971,1.971,0,0,1,150.65,20.4q-2.351,0-2.35-3.185Q148.3,14,150.65,14a1.921,1.921,0,0,1,2.129,1.772h3.4a4.948,4.948,0,0,0-1.723-3.376,5.721,5.721,0,0,0-3.809-1.245,5.618,5.618,0,0,0-4.238,1.637,6.093,6.093,0,0,0-1.581,4.419,6.109,6.109,0,0,0,1.581,4.4,5.576,5.576,0,0,0,4.238,1.66,5.841,5.841,0,0,0,3.908-1.3h0Zm6.806-1.548q0.637-.762,1.405-1.727l4.018-5.069v-2.2h-9.66v2.6h3.1q1.777,0,2.283-.022-0.638.763-1.405,1.727L157.083,20.8V23h9.924V20.4h-3.359q-1.779,0-2.284.022h0Z" />
</svg>
</div>
<div class="text">
<h5></h5>
<h1 class="large"></h1>
</div>
</div>
<header id="header">
<a href="/" class="logo internal" data-page="home">
<svg version="1.0" xmlns="http://www.w3.org/2000/svg" xlink="http://www.w3.org/1999/xlink" x="0px" y="0px" width="46px" height="46px" viewBox="0 0 46 46" enable-background="new 0 0 46 46" space="preserve">
<path fill="#0f141e" d="M22.953,0A23,23,0,1,0,45.909,23,22.978,22.978,0,0,0,22.953,0Zm0,43A20,20,0,1,1,42.915,23,19.981,19.981,0,0,1,22.953,43Zm5.055-16.727L24.83,16.009h-3.5l-3.178,10.24-2.529-10.24H11.99L16.162,32H19.75l3.286-10.6L26.3,32h3.523L34,16.009h-3.5Z" />
</svg>
<svg version="1.0" xmlns="http://www.w3.org/2000/svg" xlink="http://www.w3.org/1999/xlink" x="0px" y="0px" width="167px" height="46px" viewBox="0 0 167 46" enable-background="new 0 0 167 46" space="preserve">
<path fill="#0f141e" d="M6.45,39.32L6.12,37.835,5.16,34H3.9l-0.97,3.837L2.591,39.32l-0.34-1.486L1.261,34h-1.27l2,7h1.17l1.36-5.47L5.89,41H7.05l2.03-7H7.84L6.81,37.835Zm12.777-1.427V36.871H15.678V35.011h3.9V34H14.468v7h5.2V39.989H15.678v-2.1h3.549ZM30.834,35.71a1.521,1.521,0,0,0-.57-1.254A2.391,2.391,0,0,0,28.725,34H25.466v7h3.3a2.474,2.474,0,0,0,1.715-.561,1.9,1.9,0,0,0,.625-1.486,1.69,1.69,0,0,0-1.37-1.741,1.468,1.468,0,0,0,1.1-1.505h0Zm-1.21.177a0.859,0.859,0,0,1-.295.7,1.321,1.321,0,0,1-.865.246h-1.79v-1.84h1.86a0.888,0.888,0,0,1,1.09.9h0Zm-2.949,1.928h1.959a1.044,1.044,0,0,1,1.27,1.072,1.013,1.013,0,0,1-.335.816,1.447,1.447,0,0,1-.965.285h-1.93V37.815ZM49.44,37.53H48.32A3.888,3.888,0,0,1,48,38.72l-1.28-1.407a2.089,2.089,0,0,0,1.41-1.84,1.467,1.467,0,0,0-.54-1.181,2.086,2.086,0,0,0-1.39-.462,2.333,2.333,0,0,0-.89.167,1.593,1.593,0,0,0-.99,1.176,1.588,1.588,0,0,0,.1.881,2.922,2.922,0,0,0,.645.974,2.221,2.221,0,0,0-1.66,2.105,1.784,1.784,0,0,0,.67,1.466,2.69,2.69,0,0,0,1.75.551,3.033,3.033,0,0,0,2.15-.856l0.64,0.718h1.46L48.7,39.488a4.456,4.456,0,0,0,.74-1.958h0Zm-2.41-2a0.81,0.81,0,0,1-.23.571,2.4,2.4,0,0,1-.74.482l-0.23-.256a1.231,1.231,0,0,1-.4-0.826,0.6,0.6,0,0,1,.23-0.521,0.814,0.814,0,0,1,.56-0.2,1.063,1.063,0,0,1,.58.2,0.7,0.7,0,0,1,.23.551h0Zm-2.09,4.339a0.994,0.994,0,0,1-.36-0.8,1.494,1.494,0,0,1,1.15-1.318l1.6,1.81a1.893,1.893,0,0,1-1.41.61A1.467,1.467,0,0,1,44.941,39.871Zm23.025-1.053V34h-1.21v4.85a1.269,1.269,0,0,1-1.54,1.309q-1.55,0-1.55-1.309V34h-1.21v4.821a2.2,2.2,0,0,0,.72,1.761,3.016,3.016,0,0,0,2.029.62,3.081,3.081,0,0,0,2.04-.62,2.2,2.2,0,0,0,.72-1.761h0ZM74.664,34h-1.21v7h1.21V34Zm12.787,7h2.6a3.1,3.1,0,0,0,2.424-.915A3.731,3.731,0,0,0,93.3,37.5a3.737,3.737,0,0,0-.82-2.6A3.135,3.135,0,0,0,90.04,34H87.451v7Zm1.21-6.011h1.19a2.167,2.167,0,0,1,1.7.6A2.858,2.858,0,0,1,92.08,37.5a2.881,2.881,0,0,1-.51,1.894,2.048,2.048,0,0,1-1.64.6h-1.27v-5Zm14.546,2.9V36.871H99.658V35.011h3.9V34H98.448v7h5.2V39.989H99.658v-2.1h3.549Zm10.963,2.715a1.889,1.889,0,0,0,.735-1.564q0-1.554-1.99-2.007l-1.34-.3a1.02,1.02,0,0,1-1.029-.915,0.862,0.862,0,0,1,.369-0.733,1.7,1.7,0,0,1,1.02-.271,1.823,1.823,0,0,1,1.135.325,1.29,1.29,0,0,1,.5.915h1.17a2.2,2.2,0,0,0-.82-1.623,3.07,3.07,0,0,0-1.97-.59,2.8,2.8,0,0,0-1.909.59,1.941,1.941,0,0,0-.68,1.505q0,1.466,1.869,1.889l1.16,0.266a2.385,2.385,0,0,1,.99.394,0.809,0.809,0,0,1,.3.659,0.907,0.907,0,0,1-.405.792,2.015,2.015,0,0,1-1.155.28,1.51,1.51,0,0,1-1.789-1.436h-1.18a2.362,2.362,0,0,0,.835,1.79A3.956,3.956,0,0,0,114.17,40.609ZM121.653,34h-1.21v7h1.21V34Zm9.008,3.237v1.013h1.929v0.118a2.117,2.117,0,0,1-.664,1.318,2.135,2.135,0,0,1-2.945-.256,2.984,2.984,0,0,1-.58-1.928,2.9,2.9,0,0,1,.585-1.919,2.267,2.267,0,0,1,2.83-.359,1.48,1.48,0,0,1,.594.969l1.18-.079a2.476,2.476,0,0,0-.97-1.663,3.338,3.338,0,0,0-2.059-.6,3.176,3.176,0,0,0-2.45.984,3.735,3.735,0,0,0-.929,2.656,3.7,3.7,0,0,0,.939,2.666,3.089,3.089,0,0,0,2.37,1,2.383,2.383,0,0,0,2.139-1.023L132.86,41h0.82V37.235l-0.33.059,0.01-.059h-2.7ZM140.679,34h-1.24v7h1.18v-5.1l3.259,5.1h1.259V34h-1.179v5.116Zm14.516,3.9V36.871h-3.549V35.011h3.9V34h-5.109v7h5.2V39.989h-3.989v-2.1H155.2Zm10.448-.276A1.722,1.722,0,0,0,166.612,37a1.79,1.79,0,0,0,.34-1.117,1.761,1.761,0,0,0-.569-1.377,2.377,2.377,0,0,0-1.64-.512h-3.309v7h1.209V38.14h1.74a1.29,1.29,0,0,1,.86.236,1.16,1.16,0,0,1,.32.8l0.19,1.83h1.239l-0.28-2.223a1.243,1.243,0,0,0-1.069-1.161h0Zm-3-2.607h1.91a1.312,1.312,0,0,1,.9.271,0.955,0.955,0,0,1,.3.753,1.006,1.006,0,0,1-.355.817,1.567,1.567,0,0,1-1.025.3h-1.73V35.011ZM0.011,23H6.422a7.9,7.9,0,0,0,5.928-2.12,8.052,8.052,0,0,0,2.064-5.865A8.052,8.052,0,0,0,12.35,9.147a7.9,7.9,0,0,0-5.928-2.12H0.011V23ZM3.721,10.235H6.356a3.978,3.978,0,0,1,3.107,1.2,5.175,5.175,0,0,1,1.087,3.577A5.174,5.174,0,0,1,9.463,18.59a3.977,3.977,0,0,1-3.107,1.2H3.721V10.235ZM26.358,20.867V14.721q0-3.566-5.05-3.566-5.116,0-5.423,4.015h3.4a1.647,1.647,0,0,1,.516-1.2,2.528,2.528,0,0,1,1.482-.325q1.734,0,1.735,1.166,0,0.987-1.471,1.144l-1.778.157q-4.435.382-4.435,3.611a3.2,3.2,0,0,0,1.131,2.6,4.53,4.53,0,0,0,3,.942,4.176,4.176,0,0,0,3.623-1.57,3.034,3.034,0,0,0,.285,1.3h3.447a3.843,3.843,0,0,1-.461-2.131h0Zm-7.092-.314a1.18,1.18,0,0,1-.439-0.965q0-1.211,1.647-1.391l1.405-.157a1.875,1.875,0,0,0,1.142-.449v0.852a2.373,2.373,0,0,1-.681,1.851,2.642,2.642,0,0,1-1.844.617A1.891,1.891,0,0,1,19.266,20.553Zm19.1-7.312a3.531,3.531,0,0,0-3.513-2.086,3.741,3.741,0,0,0-3.227,1.906V11.424H28.29V23h3.425V16.605a2.755,2.755,0,0,1,.538-1.839,1.8,1.8,0,0,1,1.438-.628q1.69,0,1.691,1.951V23h3.425V16.605a2.8,2.8,0,0,1,.527-1.839,1.766,1.766,0,0,1,1.427-.628q1.69,0,1.691,1.951V23h3.425V15.484a4.516,4.516,0,0,0-1.054-3.2,3.794,3.794,0,0,0-2.92-1.133,4.117,4.117,0,0,0-3.535,2.086h0Zm12.954-6.1H48.05V10.1h3.272V7.14Zm0.066,4.284H47.962V23h3.425V11.424Zm12.559,9.443V14.721q0-3.566-5.05-3.566-5.116,0-5.423,4.015h3.4a1.646,1.646,0,0,1,.516-1.2,2.528,2.528,0,0,1,1.482-.325q1.734,0,1.734,1.166,0,0.987-1.471,1.144l-1.779.157q-4.435.382-4.435,3.611a3.2,3.2,0,0,0,1.131,2.6,4.53,4.53,0,0,0,3,.942,4.177,4.177,0,0,0,3.623-1.57A3.035,3.035,0,0,0,60.96,23h3.447a3.843,3.843,0,0,1-.461-2.131h0Zm-7.092-.314a1.18,1.18,0,0,1-.439-0.965q0-1.211,1.647-1.391l1.405-.157a1.875,1.875,0,0,0,1.142-.449v0.852a2.373,2.373,0,0,1-.681,1.851,2.643,2.643,0,0,1-1.844.617A1.891,1.891,0,0,1,56.854,20.553Zm12.361-7.491V11.424H65.878V23H69.3v-6.46a2.426,2.426,0,0,1,.615-1.772,2.063,2.063,0,0,1,1.537-.628,1.681,1.681,0,0,1,1.822,1.974V23H76.7V15.416a4.372,4.372,0,0,0-1.065-3.151,3.785,3.785,0,0,0-2.865-1.11,4.113,4.113,0,0,0-3.557,1.906h0ZM98.263,18.8q-0.615-3.566-1.23-6.3L95.782,7.028H92.071L90.82,12.5q-0.483,2.22-1.23,6.258Q89.041,16,88.207,12.5l-1.3-5.473H83.025L87.307,23h4.15l1.317-5.652q0.68-3.163,1.164-5.764,0.549,3.23,1.164,5.764L96.4,23h4.15l4.281-15.97h-3.864L99.646,12.5q-1.076,4.867-1.383,6.3h0Zm16.8,2.063V14.721q0-3.566-5.05-3.566-5.117,0-5.423,4.015h3.4a1.647,1.647,0,0,1,.516-1.2,2.531,2.531,0,0,1,1.482-.325q1.734,0,1.735,1.166,0,0.987-1.471,1.144l-1.779.157q-4.435.382-4.435,3.611a3.2,3.2,0,0,0,1.131,2.6,4.528,4.528,0,0,0,3,.942,4.178,4.178,0,0,0,3.623-1.57,3.024,3.024,0,0,0,.285,1.3h3.447a3.846,3.846,0,0,1-.461-2.131h0Zm-7.092-.314a1.18,1.18,0,0,1-.439-0.965q0-1.211,1.647-1.391l1.405-.157a1.879,1.879,0,0,0,1.142-.449v0.852a2.372,2.372,0,0,1-.681,1.851,2.643,2.643,0,0,1-1.844.617A1.893,1.893,0,0,1,107.967,20.553Zm13.108-9.129V7.992H117.65v3.432h-1.691v2.557h1.691v5.787a3.11,3.11,0,0,0,.944,2.546,4.855,4.855,0,0,0,3.074.774,11.365,11.365,0,0,0,1.581-.09V20.4H122.37a1.758,1.758,0,0,1-1.01-.213,0.94,0.94,0,0,1-.285-0.8V13.981h2.174V11.424h-2.174Zm7.07,2.153V11.424h-3.337V23h3.425V17.614q0-3.14,3.008-3.14h0.878V11.289q-0.658-.045-0.747-0.045a3.134,3.134,0,0,0-3.227,2.333h0Zm15.325,7.289V14.721q0-3.566-5.05-3.566-5.117,0-5.423,4.015h3.4a1.647,1.647,0,0,1,.516-1.2,2.527,2.527,0,0,1,1.482-.325q1.734,0,1.735,1.166,0,0.987-1.471,1.144l-1.779.157q-4.436.382-4.435,3.611a3.2,3.2,0,0,0,1.131,2.6,4.528,4.528,0,0,0,3,.942A4.175,4.175,0,0,0,140.2,21.7a3.038,3.038,0,0,0,.286,1.3h3.447a3.846,3.846,0,0,1-.461-2.131h0Zm-7.092-.314a1.18,1.18,0,0,1-.439-0.965q0-1.211,1.647-1.391l1.405-.157a1.879,1.879,0,0,0,1.142-.449v0.852a2.375,2.375,0,0,1-.681,1.851,2.643,2.643,0,0,1-1.844.617A1.893,1.893,0,0,1,136.378,20.553Zm18.18,1.413a4.893,4.893,0,0,0,1.69-3.521h-3.4A1.971,1.971,0,0,1,150.65,20.4q-2.351,0-2.35-3.185Q148.3,14,150.65,14a1.921,1.921,0,0,1,2.129,1.772h3.4a4.948,4.948,0,0,0-1.723-3.376,5.721,5.721,0,0,0-3.809-1.245,5.618,5.618,0,0,0-4.238,1.637,6.093,6.093,0,0,0-1.581,4.419,6.109,6.109,0,0,0,1.581,4.4,5.576,5.576,0,0,0,4.238,1.66,5.841,5.841,0,0,0,3.908-1.3h0Zm6.806-1.548q0.637-.762,1.405-1.727l4.018-5.069v-2.2h-9.66v2.6h3.1q1.777,0,2.283-.022-0.638.763-1.405,1.727L157.083,20.8V23h9.924V20.4h-3.359q-1.779,0-2.284.022h0Z" />
</svg>
</a>
<a href="#" class="menu">
<span>Menu</span>
<b>
<i></i>
<i></i>
<i></i>
</b>
</a>
</header>
<a href="contact" class="contact-link internal">
<svg version="1.1" xmlns="http://www.w3.org/2000/svg" xlink="http://www.w3.org/1999/xlink" x="0px" y="0px" width="20px" height="20px" viewBox="0 0 20 20" enable-background="new 0 0 20 20" space="preserve">
<path fill="#ffffff" d="M16,17H4a2,2,0,0,1-2-2V5A2,2,0,0,1,4,3H16a2,2,0,0,1,2,2V15A2,2,0,0,1,16,17Zm0-2V7.619l-6,4.242L4,7.619V15H16ZM4,5V5.705l6,3.429,6-3.429V5H4Z" />
</svg>
<span>Contact me</span>
</a>
<a href="#" class="scroll-top">
<svg version="1.1" xmlns="http://www.w3.org/2000/svg" xlink="http://www.w3.org/1999/xlink" x="0px" y="0px" width="20px" height="20px" viewBox="0 0 20 20" enable-background="new 0 0 20 20" space="preserve">
<path fill="#ffffff" d="M18.008,7.667L16.606,9,11,3.627V20H9V3.627L3.392,9l-1.4-1.336L10-.012Z" />
</svg>
</a>
<div class="container">
<section class="section-404">
<div class="wrapper">
<div class="row">
<div class="col-sm-6-6 col-md-10-12 col-md-offset-1-12 col-smd-10-12 col-smd-offset-1-12 col-lg-6-12 col-lg-offset-3-12 text-left-center">
<h5>Oops</h5>
<h1>Something went wrong...</h1>
<img src="assets/images/img_404.svg" alt="404">
<h3 class="header-light">The page you are looking for doesn't seem to exist or has been moved to a new location.</h3>
<h4 class="header-light"><a href="home" class="internal special">Let's go back Home</a></h4>
</div>
</div>
</div>
</section>
</div>
<footer id="footer">
<div class="wrapper">
<div class="row">
<div class="col-sm-6-6 col-md-12-12 col-smd-12-12 col-lg-4-12 contact">
<h3>Contact <br>information —</h3>
<p>Feel free to reach out to me any time. I prefer to talk over email, especially since we may be a few time zones away.</p>
<ul class="contact-links">
<script>document.write('<li>E: <a class="special" href="mailto:&#100;&#097;&#109;&#105;&#097;&#110;&#046;&#119;&#097;&#116;&#114;&#097;&#099;&#122;&#064;&#103;&#109;&#097;&#105;&#108;&#046;&#099;&#111;&#109;">&#100;&#097;&#109;&#105;&#097;&#110;&#046;&#119;&#097;&#116;&#114;&#097;&#099;&#122;&#064;&#103;&#109;&#097;&#105;&#108;&#046;&#099;&#111;&#109;</a></li><li>P: <span class="gray-darkest" content="noindex">+48-&#53;&#49;7-51&#50;&#45;348</span></li>');</script>
</ul>
</div>
<div class="col-sm-6-6 col-md-6-12 col-smd-6-12 col-lg-2-12 col-lg-offset-1-12">
<h3>Latest <br>projects —</h3>
<ul class="project-links">
<li><a href="project/iceland" class="special internal">Iceland</a></li>
<li><a href="project/basicux" class="special internal">Basic UX</a></li>
<li><a href="project/triniso" class="special internal">Triniso</a></li>
<li><a href="project/symova" class="special internal">Symova</a></li>
<li><a href="project/pmr" class="special internal">PMR</a></li>
<li><a href="project/sonicsmith" class="special internal">Sonicsmith</a></li>
<li><a href="project/photography" class="special internal">Photography</a></li>
<li><a href="/" class="special internal">All projects</a></li>
</ul>
</div>
<div class="col-sm-6-6 col-md-3-12 col-smd-3-12 col-lg-2-12">
<h3>Current <br>availability —</h3>
<p>
I usually work on several projects but I’ll be happy to discuss new opportunities. Let’s get in touch!
</p>
</div>
<div class="col-sm-6-6 col-md-3-12 col-smd-3-12 col-lg-2-12 col-lg-offset-1-12">
<h3>Follow <br>me on —</h3>
<ul class="social-links">
<li><a href="https://dribbble.com/damianwatracz" class="special" target="_blank">Dribbble</a></li>
<li><a href="https://www.instagram.com/damianwatracz" class="special" target="_blank">Instagram</a></li>
<li><a href="https://www.behance.net/damianwatracz" class="special" target="_blank">Behance</a></li>
<li><a href="https://www.linkedin.com/in/damianwatracz" class="special" target="_blank">LinkedIn</a></li>
</ul>
</div>
<div class="col-sm-6-6 col-md-12-12 col-smd-12-12 col-lg-12-12 copyright">
<a href="home" class="internal">
<svg version="1.0" xmlns="http://www.w3.org/2000/svg" xlink="http://www.w3.org/1999/xlink" x="0px" y="0px" width="46px" height="46px" viewBox="0 0 46 46" enable-background="new 0 0 46 46" space="preserve">
<path fill="#cfd0d2" d="M22.953,0A23,23,0,1,0,45.909,23,22.978,22.978,0,0,0,22.953,0Zm0,43A20,20,0,1,1,42.915,23,19.981,19.981,0,0,1,22.953,43Zm5.055-16.727L24.83,16.009h-3.5l-3.178,10.24-2.529-10.24H11.99L16.162,32H19.75l3.286-10.6L26.3,32h3.523L34,16.009h-3.5Z" />
</svg>
</a>
<p class="small copyright-text">© 2008 — 2019 Damian Watracz.<br>Made with <span class="icon icon-heart"><svg><use xlink:href="#icon_heart" /></svg></span> in Kraków, Poland.</p>
</div>
</div>
</div>
</footer>
<div class="document-overlay"></div>
<script type="text/javascript">
			var Config = {"BASE_URL":"/","VERSION":"2.5.18","SSL":true,"PRELOADER":{"url":"assets/images/loader-circle.svg","alt":"Loading..."},"HOME":{"name":"home","class":"home","partial":"partials/home.html","data":"resources/home.json","title":"Portfolio | Damian Watracz - Freelance Web & UI Designer","description":"I design unique and functional digital products. Over the past 7 years, as a freelance art director and designer, I’ve worked with big companies and up-and-coming startups around the world to help them reach their full potential and attract new customers.","keywords":"freelance, freelancer, responsive, rwd, web, website, ui, ux, user, interface, experience, graphic, creative, designer, director, direction, product, mobile, application, app, animation, interaction, photography, art, hire, agency, studio, consultancy, portfolio, case, study, studies, projects, krakow, kraków, poland","og_image":"assets/images/page-home.jpg","og_image_w":"1200","og_image_h":"630","loader":{"H5":"Welcome","H1":"Wait a bit","bg":"assets/loader/loader-home.jpg"}},"ABOUT":{"name":"about","class":"about","partial":"partials/about.html","data":"resources/about.json","title":"About | Damian Watracz - Freelance Web & UI Designer","description":"I’m Damian Watracz, a multidisciplinary designer who focuses on telling my clients’ stories visually, through enjoyable and meaningful experiences. I specialize in responsive websites and functional user interfaces.","keywords":"freelance, freelancer, responsive, rwd, web, website, ui, ux, user, interface, experience, graphic, creative, designer, director, direction, product, mobile, application, app, animation, interaction, photography, art, hire, agency, studio, consultancy, portfolio, case, study, studies, projects, krakow, kraków, poland, cv, resume, services, work, tools, experience, clients, brands, features, mentions, interviews, events","og_image":"assets/images/page-about.jpg","og_image_w":"1200","og_image_h":"630","loader":{"H5":"About Me","H1":"Web & UI designer","bg":"assets/loader/loader-about.jpg"}},"CONTACT":{"name":"contact","class":"contact","partial":"partials/contact.html","data":"resources/contact.json","title":"Contact | Damian Watracz - Freelance Web & UI Designer","description":"Get in touch — let’s work together. Got a project? Drop me a line if you want to work together on something exciting. Big or small. Mobile or web.","keywords":"freelance, freelancer, responsive, rwd, web, website, ui, ux, user, interface, experience, graphic, creative, designer, director, direction, product, mobile, application, app, animation, interaction, photography, art, hire, agency, studio, portfolio, case, study, studies, projects, krakow, kraków, poland, map, address, contact, form","og_image":"assets/images/page-contact.jpg","og_image_w":"1200","og_image_h":"630","loader":{"H5":"Contact","H1":"Get in touch","bg":"assets/loader/loader-contact.jpg"}},"PAGE_404":{"name":"404","class":"page-404","partial":"partials/404.html","data":"resources/404.json","title":"404 | Damian Watracz - Freelance Web & UI Designer","description":"OOPS Something went wrong... The page you are looking for doesn't seem to exist or has been moved to a new location.","keywords":"freelance, freelancer, responsive, rwd, web, website, ui, ux, user, interface, experience, graphic, creative, designer, director, direction, product, mobile, application, app, animation, interaction, photography, art, hire, agency, studio, consultancy, portfolio, case, study, studies, projects, krakow, kraków, poland","og_image":"assets/images/page-404.jpg","og_image_w":"1200","og_image_h":"630"},"STYLEGUIDE":{"name":"styleguide","class":"about","partial":"content/partials/styleguide.html","data":"resources/styleguide.json","title":"Style Guide | Damian Watracz - Freelance Web & UI Designer","description":"I’m Damian Watracz, a multidisciplinary designer who focuses on telling my clients’ stories visually, through enjoyable and meaningful experiences. I specialize in responsive websites and functional user interfaces.","keywords":"freelance, freelancer, responsive, rwd, web, website, ui, ux, user, interface, experience, graphic, creative, designer, director, direction, product, mobile, application, app, animation, interaction, photography, art, hire, agency, studio, consultancy, portfolio, case, study, studies, projects, krakow, kraków, poland","og_image":"assets/images/image.jpg","og_image_w":"1200","og_image_h":"630"},"PROJECT_TRINISO":{"name":"project/triniso","class":"case-study","partial":"partials/project/triniso.html","data":"resources/project/triniso.json","title":"Triniso Case Study | Damian Watracz - Freelance Web & UI Designer","description":"Triniso is a Swiss watch manufacturer of luxurious and affordable watches in the Sierre, a beautiful vineyard region in the south of Switzerland. As they were launching a new watch series, they needed a new website that would tell their incredible story, and an intuitive shopping experience to showcase their products and make the purchase process easy.","keywords":"freelance, freelancer, responsive, rwd, web, website, ui, ux, user, interface, experience, graphic, creative, designer, director, direction, product, mobile, application, app, animation, interaction, photography, art, hire, agency, studio, consultancy, portfolio, case, study, studies, projects, krakow, kraków, poland, typography, iconography, icon, mockup, project, brand, identity, photoshop, illustrator, after, effects, ipad, iphone","og_image":"images/triniso-01.jpg","og_image_w":"2800","og_image_h":"1860","loader":{"H5":"Case Study","H1":"Triniso","bg":"assets/loader/loader-triniso.jpg"}},"PROJECT_SYMOVA":{"name":"project/symova","class":"case-study","partial":"partials/project/symova.html","data":"resources/project/symova.json","title":"Symova Case Study | Damian Watracz - Freelance Web & UI Designer","description":"Symova is a pension fund for medium and large companies in the public transport and tourism sector in Switzerland. They needed a completely new design for their website, which would be optimized for mobile devices and would support their updated strategy with new features and modern technology.","keywords":"freelance, freelancer, responsive, rwd, web, website, ui, ux, user, interface, experience, graphic, creative, designer, director, direction, product, mobile, application, app, animation, interaction, photography, art, hire, agency, studio, consultancy, portfolio, case, study, studies, projects, krakow, kraków, poland, typography, iconography, icon, mockup, project, brand, identity, photoshop, illustrator, after, effects, ipad, iphone","og_image":"images/symova-01.jpg","og_image_w":"2800","og_image_h":"2020","loader":{"H5":"Case Study","H1":"Symova","bg":"assets/loader/loader-symova.jpg"}},"PROJECT_PMR":{"name":"project/pmr","class":"case-study","partial":"partials/project/pmr.html","data":"resources/project/pmr.json","title":"PMR Case Study | Damian Watracz - Freelance Web & UI Designer","description":"With over 20 years of experience, PMR serves more than 500 global clients offering their market research and expert analysis products. I was asked to re-create their platform from scratch, and improve the visual appeal of their website and all their products, while making them informative and easy to use, in order to reflect their vision and leading position on the market.","keywords":"freelance, freelancer, responsive, rwd, web, website, ui, ux, user, interface, experience, graphic, creative, designer, director, direction, product, mobile, application, app, animation, interaction, photography, art, hire, agency, studio, consultancy, portfolio, case, study, studies, projects, krakow, kraków, poland, typography, iconography, icon, mockup, project, brand, identity, photoshop, illustrator, after, effects, ipad, iphone","og_image":"images/pmr-01.jpg","og_image_w":"2800","og_image_h":"2200","loader":{"H5":"Case Study","H1":"PMR","bg":"assets/loader/loader-pmr.jpg"}},"PROJECT_SONICSMITH":{"name":"project/sonicsmith","class":"case-study","partial":"partials/project/sonicsmith.html","data":"resources/project/sonicsmith.json","title":"Sonicsmith Case Study | Damian Watracz - Freelance Web & UI Designer","description":"Established in 2016 by an American electronics engineer and an Israeli music producer, Sonicsmith is a Kraków based company that designs and manufactures professional audio equipment. I was commissioned to create an engaging design for their new website, highlighting their products and information about the company.","keywords":"freelance, freelancer, responsive, rwd, web, website, ui, ux, user, interface, experience, graphic, creative, designer, director, direction, product, mobile, application, app, animation, interaction, photography, art, hire, agency, studio, consultancy, portfolio, case, study, studies, projects, krakow, kraków, poland, typography, iconography, icon, mockup, project, brand, identity, photoshop, illustrator, after, effects, ipad, iphone","og_image":"images/sonicsmith-01.jpg","og_image_w":"2800","og_image_h":"2150","loader":{"H5":"Case Study","H1":"Sonicsmith","bg":"assets/loader/loader-sonicsmith.jpg"}},"PROJECT_PHOTOGRAPHY":{"name":"project/photography","class":"case-study","partial":"partials/project/photography.html","data":"resources/project/photography.json","title":"Photography | Damian Watracz - Freelance Web & UI Designer","description":"My favorite way to take a break from the screen is to get out on my motorbike, preferably for days at a time, with my camera in tow. It’s strictly a personal project, not a service I offer, but you can check out the photos and read about these trips on my blog. And you can visit my Instagram account.","keywords":"freelance, freelancer, responsive, rwd, web, website, ui, ux, user, interface, experience, graphic, creative, designer, director, direction, product, mobile, application, app, animation, interaction, photography, art, hire, agency, studio, consultancy, portfolio, case, study, studies, projects, krakow, kraków, poland, typography, iconography, icon, mockup, project, brand, identity, photoshop, illustrator, after, effects, ipad, iphone","og_image":"images/photography-01.jpg","og_image_w":"2800","og_image_h":"2000","loader":{"H5":"Personal Project","H1":"Photography","bg":"assets/loader/loader-photography.jpg"}},"PROJECT_PENCIL_DRAWINGS":{"name":"project/pencildrawings","class":"case-study","partial":"partials/project/pencildrawings.html","data":"resources/project/pencildrawings.json","title":"Drawings | Damian Watracz - Freelance Web & UI Designer","description":"This is how I started my adventure with art. I’ve been interested in pencil drawings for as long as I can remember, and as soon as I was able to hold a pencil in my hand, I drew. Over time I’ve gone from coloring books to pencil drawings to my first graphic design commission.","keywords":"freelance, freelancer, responsive, rwd, web, website, ui, ux, user, interface, experience, graphic, creative, designer, director, direction, product, mobile, application, app, animation, interaction, photography, art, hire, agency, studio, consultancy, portfolio, case, study, studies, projects, krakow, kraków, poland, typography, iconography, icon, mockup, project, brand, identity, photoshop, illustrator, after, effects, ipad, iphone","og_image":"images/drawing-01.jpg","og_image_w":"2800","og_image_h":"1700","loader":{"H5":"Personal Project","H1":"Drawings","bg":"assets/loader/loader-drawings.jpg"}},"PROJECT_TESTTEMPLATE":{"name":"project/testtemplate","class":"case-study","partial":"partials/project/testtemplate.html","data":"resources/project/testtemplate.json","title":"Test template | Damian Watracz - Freelance Web & UI Designer","description":"Lorem ipsum.","keywords":"freelance, freelancer, responsive, rwd, web, website, ui, ux, user, interface, experience, graphic, creative, designer, director, direction, product, mobile, application, app, animation, interaction, photography, art, hire, agency, studio, consultancy, portfolio, case, study, studies, projects, krakow, kraków, poland, typography, iconography, icon, mockup, project, brand, identity, photoshop, illustrator, after, effects, ipad, iphone","og_image":"images/testtemplate.jpg","og_image_w":"2800","og_image_h":"1700","loader":{"H5":"Case Study","H1":"Test Template","bg":"assets/loader/loader-testtemplate.jpg"}},"PROJECT_BASICUX":{"name":"project/basicux","class":"case-study","partial":"partials/project/basicux.html","data":"resources/project/basicux.json","title":"Basic UX Case Study | Damian Watracz - Freelance Web & UI Designer","description":"Lorem ipsum.","keywords":"freelance, freelancer, responsive, rwd, web, website, ui, ux, user, interface, experience, graphic, creative, designer, director, direction, product, mobile, application, app, animation, interaction, photography, art, hire, agency, studio, consultancy, portfolio, case, study, studies, projects, krakow, kraków, poland, typography, iconography, icon, mockup, project, brand, identity, photoshop, illustrator, after, effects, ipad, iphone","og_image":"images/basicux-01.jpg","og_image_w":"2800","og_image_h":"1700","loader":{"H5":"Case Study","H1":"Basic UX","bg":"assets/loader/loader-basicux.jpg"}},"PROJECT_ICELAND":{"name":"project/iceland","class":"case-study","partial":"partials/project/iceland.html","data":"resources/project/iceland.json","title":"Iceland Photography Personal Project | Damian Watracz - Freelance Web & UI Designer","description":"Lorem ipsum.","keywords":"freelance, freelancer, responsive, rwd, web, website, ui, ux, user, interface, experience, graphic, creative, designer, director, direction, product, mobile, application, app, animation, interaction, photography, art, hire, agency, studio, consultancy, portfolio, case, study, studies, projects, krakow, kraków, poland, typography, iconography, icon, mockup, project, brand, identity, photoshop, illustrator, after, effects, ipad, iphone","og_image":"images/iceland-01.jpg","og_image_w":"2800","og_image_h":"1700","loader":{"H5":"Personal Project","H1":"Iceland","bg":"assets/loader/loader-iceland.jpg"}},"PROJECT_LESSDOING":{"name":"project/lessdoing","class":"case-study","partial":"partials/project/lessdoing.html","data":"resources/project/lessdoing.json","title":"Less Doing, More Living Case Study | Damian Watracz - Freelance Web & UI Designer","description":"Lorem ipsum.","keywords":"freelance, freelancer, responsive, rwd, web, website, ui, ux, user, interface, experience, graphic, creative, designer, director, direction, product, mobile, application, app, animation, interaction, photography, art, hire, agency, studio, consultancy, portfolio, case, study, studies, projects, krakow, kraków, poland, typography, iconography, icon, mockup, project, brand, identity, photoshop, illustrator, after, effects, ipad, iphone","og_image":"images/lessdoing-01.jpg","og_image_w":"2800","og_image_h":"1700","loader":{"H5":"Case Study","H1":"Less Doing, More Living","bg":"assets/loader/loader-lessdoing.jpg"}}};
			var currentPageData = {"name":"404","class":"page-404","partial":"partials/404.html","data":"resources/404.json","title":"404 | Damian Watracz - Freelance Web & UI Designer","description":"OOPS Something went wrong... The page you are looking for doesn't seem to exist or has been moved to a new location.","keywords":"freelance, freelancer, responsive, rwd, web, website, ui, ux, user, interface, experience, graphic, creative, designer, director, direction, product, mobile, application, app, animation, interaction, photography, art, hire, agency, studio, consultancy, portfolio, case, study, studies, projects, krakow, kraków, poland","og_image":"assets/images/page-404.jpg","og_image_w":"1200","og_image_h":"630"}
		</script>
<script src="/js/lib.min.js?v=2.5.18" type="text/javascript"></script>
<script src="//maps.googleapis.com/maps/api/js?v=3.30&key=AIzaSyBgLTZ9MTQ_4wjTVHgu3qrG7_dz61bYhRQ" type="text/javascript"></script>
<script src="/js/build.min.js?v=2.5.18" type="text/javascript"></script>
<div class="loader-background-preloader">
<img src="assets/loader/loader-home.jpg" alt="" data-page="home">
<img src="assets/loader/loader-about.jpg" alt="" data-page="about">
<img src="assets/loader/loader-contact.jpg" alt="" data-page="contact">
<img src="assets/loader/loader-triniso.jpg" alt="" data-page="project/triniso">
<img src="assets/loader/loader-symova.jpg" alt="" data-page="project/symova">
<img src="assets/loader/loader-pmr.jpg" alt="" data-page="project/pmr">
<img src="assets/loader/loader-sonicsmith.jpg" alt="" data-page="project/sonicsmith">
<img src="assets/loader/loader-photography.jpg" alt="" data-page="project/photography">
<img src="assets/loader/loader-drawings.jpg" alt="" data-page="project/pencildrawings">
<img src="assets/loader/loader-basicux.jpg" alt="" data-page="project/basicux">
<img src="assets/loader/loader-iceland.jpg" alt="" data-page="project/iceland">
<img src="assets/loader/loader-lessdoing.jpg" alt="" data-page="project/lessdoing">
</div>
</body></html>